{
	 "nodes" : {
		 "bind" : {
			 "nodes" : {
				 "document" : {
					 "ext" : "undefined"
					,"type" : "file"
				}
				,"textarea" : {
					 "ext" : "json"
					,"type" : "file"
				}
			}
			,"type" : "folder"
		}
		,"games" : {
			 "ext" : "txt"
			,"type" : "file"
		}
		,"last" : {
			 "ext" : "txt"
			,"type" : "file"
		}
		,"notes" : {
			 "ext" : "txt"
			,"nodes" : {
				 "games" : {
					 "ext" : "txt"
					,"type" : "file"
				}
			}
			,"type" : "file,folder"
		}
		,"notes-keyframe" : {
			 "ext" : "txt"
			,"type" : "file"
		}
		,"notes2" : {
			 "ext" : "txt"
			,"type" : "file"
		}
		,"page" : {
			 "nodes" : {
				 "#frame" : {
					 "ext" : "txt"
					,"type" : "file"
				}
			}
			,"type" : "folder"
		}
		,"shaders" : {
			 "nodes" : {
				 "fragment" : {
					 "nodes" : {
						 "blue" : {
							 "ext" : "glsl"
							,"type" : "file"
						}
						,"green" : {
							 "ext" : "glsl"
							,"type" : "file"
						}
						,"red" : {
							 "ext" : "glsl"
							,"type" : "file"
						}
					}
					,"type" : "folder"
				}
				,"vertex" : {
					 "nodes" : {
						 "flat" : {
							 "ext" : "glsl"
							,"type" : "file"
						}
					}
					,"type" : "folder"
				}
			}
			,"type" : "folder"
		}
	}
	,"signature" : "NumberCooler FileSystem"
	,"type" : "folder"
	,"version" : [
		 1
		,0
	]
}