{
	 "nodes" : {
		 "assets" : {
			 "nodes" : {
				 "index" : {
					 "ext" : "packet"
					,"type" : "file"
				}
				,"packet" : {
					 "nodes" : {
						 "index" : {
							 "ext" : "packet"
							,"nodes" : {
							}
							,"type" : "file,folder"
						}
						,"js" : {
							 "ext" : "js"
							,"type" : "file"
						}
						,"phtml" : {
							 "ext" : "html"
							,"type" : "file"
						}
					}
					,"type" : "folder"
				}
				,"packetItem" : {
					 "nodes" : {
						 "a" : {
							 "nodes" : {
								 "ghtml" : {
									 "ext" : "packet"
									,"type" : "file"
								}
							}
							,"type" : "folder"
						}
					}
					,"type" : "folder"
				}
				,"svg" : {
					 "nodes" : {
						 "arc" : {
							 "ext" : "svg"
							,"type" : "file"
						}
						,"arrows" : {
							 "ext" : "svg"
							,"type" : "file"
						}
						,"arrows_backup" : {
							 "ext" : "svg"
							,"type" : "file"
						}
						,"arrows_mouseout" : {
							 "ext" : "js"
							,"type" : "file"
						}
						,"arrows_mouseover" : {
							 "ext" : "js"
							,"type" : "file"
						}
						,"circle" : {
							 "ext" : "svg"
							,"type" : "file"
						}
						,"custompie" : {
							 "ext" : "svg"
							,"type" : "file"
						}
						,"index" : {
							 "ext" : "svg"
							,"type" : "file"
						}
						,"index2" : {
							 "ext" : "svg"
							,"type" : "file"
						}
						,"index3" : {
							 "ext" : "svg"
							,"type" : "file"
						}
						,"index4" : {
							 "ext" : "svg"
							,"type" : "file"
						}
						,"index5" : {
							 "ext" : "svg"
							,"type" : "file"
						}
						,"index6" : {
							 "ext" : "svg"
							,"type" : "file"
						}
						,"joystick" : {
							 "ext" : "svg"
							,"type" : "file"
						}
						,"lesson1" : {
							 "ext" : "svg"
							,"type" : "file"
						}
						,"menus" : {
							 "ext" : "svg"
							,"type" : "file"
						}
						,"menus_mouseout" : {
							 "ext" : "svg"
							,"type" : "file"
						}
						,"rect" : {
							 "ext" : "svg"
							,"type" : "file"
						}
						,"stage1" : {
							 "ext" : "svg"
							,"type" : "file"
						}
						,"stage2" : {
							 "ext" : "svg"
							,"type" : "file"
						}
					}
					,"type" : "folder"
				}
				,"svg_js" : {
					 "ext" : "packet"
					,"nodes" : {
					}
					,"type" : "file,folder"
				}
			}
			,"type" : "folder"
		}
		,"bind" : {
			 "nodes" : {
				 "document" : {
					 "ext" : "undefined"
					,"type" : "file"
				}
				,"textarea" : {
					 "ext" : "json"
					,"type" : "file"
				}
			}
			,"type" : "folder"
		}
		,"charset" : {
			 "ext" : "txt"
			,"type" : "file"
		}
		,"games" : {
			 "ext" : "txt"
			,"type" : "file"
		}
		,"last" : {
			 "ext" : "txt"
			,"type" : "file"
		}
		,"menu" : {
			 "ext" : "json"
			,"type" : "file"
		}
		,"notes" : {
			 "ext" : "txt"
			,"nodes" : {
				 "games" : {
					 "ext" : "txt"
					,"type" : "file"
				}
			}
			,"type" : "file,folder"
		}
		,"notes-keyframe" : {
			 "ext" : "txt"
			,"type" : "file"
		}
		,"notes2" : {
			 "ext" : "txt"
			,"type" : "file"
		}
		,"page" : {
			 "nodes" : {
				 "#frame" : {
					 "ext" : "txt"
					,"type" : "file"
				}
			}
			,"type" : "folder"
		}
		,"shaders" : {
			 "nodes" : {
				 "fragment" : {
					 "nodes" : {
						 "blue" : {
							 "ext" : "glsl"
							,"type" : "file"
						}
						,"green" : {
							 "ext" : "glsl"
							,"type" : "file"
						}
						,"red" : {
							 "ext" : "glsl"
							,"type" : "file"
						}
					}
					,"type" : "folder"
				}
				,"vertex" : {
					 "nodes" : {
						 "flat" : {
							 "ext" : "glsl"
							,"type" : "file"
						}
					}
					,"type" : "folder"
				}
			}
			,"type" : "folder"
		}
		,"textarea" : {
			 "nodes" : {
				 "test" : {
					 "ext" : "svg"
					,"type" : "file"
				}
			}
			,"type" : "folder"
		}
	}
	,"signature" : "NumberCooler FileSystem"
	,"type" : "folder"
	,"version" : [
		 1
		,0
	]
}